provincia,provincia_id
Buenos Aires,6
Santa Cruz,78
Santa Cruz,78
Santa Cruz,78
Santa Cruz,78
Santa Cruz,78
Santa Cruz,78
Santa Cruz,78
Chubut,26
Chubut,26
Chubut,26
Chubut,26
Chubut,26
Chubut,26
Chubut,26
Chubut,26
Buenos Aires,6
Buenos Aires,6
Buenos Aires,6
Buenos Aires,6
Buenos Aires,6
Buenos Aires,6
Buenos Aires,6
Buenos Aires,6
Buenos Aires,6
Buenos Aires,6
Buenos Aires,6
Buenos Aires,6
Buenos Aires,6
Buenos Aires,6
Buenos Aires,6
Buenos Aires,6
Buenos Aires,6
Buenos Aires,6
Buenos Aires,6
Buenos Aires,6
Buenos Aires,6
Buenos Aires,6
Buenos Aires,6
Buenos Aires,6
Buenos Aires,6
Buenos Aires,6
Buenos Aires,6
Buenos Aires,6
Buenos Aires,6
Buenos Aires,6
Buenos Aires,6
Buenos Aires,6
Buenos Aires,6
Buenos Aires,6
Buenos Aires,6
Buenos Aires,6
Buenos Aires,6
Buenos Aires,6
Buenos Aires,6
Buenos Aires,6
Buenos Aires,6
Buenos Aires,6
Buenos Aires,6
Buenos Aires,6
Buenos Aires,6
Buenos Aires,6
Buenos Aires,6
Buenos Aires,6
Buenos Aires,6
Buenos Aires,6
Buenos Aires,6
Buenos Aires,6
Buenos Aires,6
Buenos Aires,6
Buenos Aires,6
Buenos Aires,6
Buenos Aires,6
Buenos Aires,6
Buenos Aires,6
Buenos Aires,6
Buenos Aires,6
Buenos Aires,6
Buenos Aires,6
Buenos Aires,6
Buenos Aires,6
Buenos Aires,6
Buenos Aires,6
Buenos Aires,6
Buenos Aires,6
Buenos Aires,6
Buenos Aires,6
Buenos Aires,6
Buenos Aires,6
Buenos Aires,6
Buenos Aires,6
Buenos Aires,6
Buenos Aires,6
Buenos Aires,6
Buenos Aires,6
Buenos Aires,6
Buenos Aires,6
Buenos Aires,6
Buenos Aires,6
Buenos Aires,6
Buenos Aires,6
Buenos Aires,6
Buenos Aires,6
Buenos Aires,6
Buenos Aires,6
Buenos Aires,6
Buenos Aires,6
Buenos Aires,6
Buenos Aires,6
Buenos Aires,6
Buenos Aires,6
Buenos Aires,6
Buenos Aires,6
Buenos Aires,6
Buenos Aires,6
Buenos Aires,6
Buenos Aires,6
Buenos Aires,6
Buenos Aires,6
Buenos Aires,6
Buenos Aires,6
Buenos Aires,6
Buenos Aires,6
Buenos Aires,6
Buenos Aires,6
Buenos Aires,6
Buenos Aires,6
Buenos Aires,6
Buenos Aires,6
Buenos Aires,6
Buenos Aires,6
Buenos Aires,6
Buenos Aires,6
Buenos Aires,6
Buenos Aires,6
Buenos Aires,6
Buenos Aires,6
Buenos Aires,6
Buenos Aires,6
Buenos Aires,6
Buenos Aires,6
Buenos Aires,6
Buenos Aires,6
Buenos Aires,6
Buenos Aires,6
Buenos Aires,6
Buenos Aires,6
Buenos Aires,6
Buenos Aires,6
Buenos Aires,6
Buenos Aires,6
Buenos Aires,6
Buenos Aires,6
Buenos Aires,6
Buenos Aires,6
Buenos Aires,6
Buenos Aires,6
Buenos Aires,6
Buenos Aires,6
Buenos Aires,6
Buenos Aires,6
Buenos Aires,6
Buenos Aires,6
Buenos Aires,6
Buenos Aires,6
Buenos Aires,6
Buenos Aires,6
Buenos Aires,6
Buenos Aires,6
Buenos Aires,6
Buenos Aires,6
Buenos Aires,6
Buenos Aires,6
Buenos Aires,6
Buenos Aires,6
Buenos Aires,6
Santa Cruz,78
Santa Cruz,78
Santa Cruz,78
Santa Cruz,78
Santa Cruz,78
Santa Cruz,78
Santa Cruz,78
Santa Cruz,78
Santa Cruz,78
Chubut,26
Chubut,26
Chubut,26
Chubut,26
Chubut,26
Chubut,26
Chubut,26
Chubut,26
Chubut,26
Chubut,26
Chubut,26
Chubut,26
Chubut,26
Chubut,26
Chubut,26
Chubut,26
Chubut,26
Chubut,26
Buenos Aires,6
Buenos Aires,6
Buenos Aires,6
Buenos Aires,6
Río Negro,62
Río Negro,62
Río Negro,62
Río Negro,62
Río Negro,62
Río Negro,62
Río Negro,62
Río Negro,62
Río Negro,62
Río Negro,62
Río Negro,62
Río Negro,62
Río Negro,62
Río Negro,62
Río Negro,62
Río Negro,62
Río Negro,62
Río Negro,62
Río Negro,62
Río Negro,62
Río Negro,62
Río Negro,62
Río Negro,62
Río Negro,62
Río Negro,62
Buenos Aires,6
Buenos Aires,6
Buenos Aires,6
Santa Cruz,78
Tierra del Fuego,94
Tierra del Fuego,94
Tierra del Fuego,94
Tierra del Fuego,94
Tierra del Fuego,94
Tierra del Fuego,94
Tierra del Fuego,94
Tierra del Fuego,94
Tierra del Fuego,94
Tierra del Fuego,94
Santa Cruz,78
Santa Cruz,78
Santa Cruz,78
Santa Cruz,78
Santa Cruz,78
Santa Cruz,78
Santa Cruz,78
Chubut,26
Chubut,26
Chubut,26
Chubut,26
Chubut,26
Chubut,26
Chubut,26
Chubut,26
Chubut,26
Chubut,26
Buenos Aires,6
Buenos Aires,6
Buenos Aires,6
Buenos Aires,6
Buenos Aires,6
Buenos Aires,6
Buenos Aires,6
Buenos Aires,6
Buenos Aires,6
Buenos Aires,6
Buenos Aires,6
Buenos Aires,6
Buenos Aires,6
Buenos Aires,6
Buenos Aires,6
Buenos Aires,6
Buenos Aires,6
Buenos Aires,6
Buenos Aires,6
Buenos Aires,6
Buenos Aires,6
Buenos Aires,6
Buenos Aires,6
Buenos Aires,6
Buenos Aires,6
Buenos Aires,6
Buenos Aires,6
Buenos Aires,6
Buenos Aires,6
Buenos Aires,6
Buenos Aires,6
Buenos Aires,6
Buenos Aires,6
Buenos Aires,6
Buenos Aires,6
Buenos Aires,6
Buenos Aires,6
Buenos Aires,6
Buenos Aires,6
Buenos Aires,6
Buenos Aires,6
Buenos Aires,6
Buenos Aires,6
Buenos Aires,6
Buenos Aires,6
Buenos Aires,6
Buenos Aires,6
Buenos Aires,6
Buenos Aires,6
Buenos Aires,6
Buenos Aires,6
Buenos Aires,6
Buenos Aires,6
Buenos Aires,6
Buenos Aires,6
Buenos Aires,6
Buenos Aires,6
Buenos Aires,6
Buenos Aires,6
Buenos Aires,6
Buenos Aires,6
Buenos Aires,6
Buenos Aires,6
Buenos Aires,6
Buenos Aires,6
Buenos Aires,6
Buenos Aires,6
Buenos Aires,6
Buenos Aires,6
Buenos Aires,6
Buenos Aires,6
Buenos Aires,6
Buenos Aires,6
Buenos Aires,6
Buenos Aires,6
Buenos Aires,6
Buenos Aires,6
Buenos Aires,6
Buenos Aires,6
Buenos Aires,6
Buenos Aires,6
Buenos Aires,6
Buenos Aires,6
Buenos Aires,6
Buenos Aires,6
Buenos Aires,6
Buenos Aires,6
Buenos Aires,6
Buenos Aires,6
Buenos Aires,6
Buenos Aires,6
Buenos Aires,6
Buenos Aires,6
Buenos Aires,6
Buenos Aires,6
Buenos Aires,6
Buenos Aires,6
Buenos Aires,6
Buenos Aires,6
Buenos Aires,6
Buenos Aires,6
Buenos Aires,6
Buenos Aires,6
Buenos Aires,6
Buenos Aires,6
Buenos Aires,6
Buenos Aires,6
Buenos Aires,6
Buenos Aires,6
Buenos Aires,6
Buenos Aires,6
Buenos Aires,6
Buenos Aires,6
Buenos Aires,6
Buenos Aires,6
Buenos Aires,6
Buenos Aires,6
Buenos Aires,6
Buenos Aires,6
Buenos Aires,6
Buenos Aires,6
Buenos Aires,6
Buenos Aires,6
Buenos Aires,6
Buenos Aires,6
Buenos Aires,6
Buenos Aires,6
Buenos Aires,6
Buenos Aires,6
Buenos Aires,6
Buenos Aires,6
Buenos Aires,6
Buenos Aires,6
Buenos Aires,6
Buenos Aires,6
Buenos Aires,6
Buenos Aires,6
Buenos Aires,6
Buenos Aires,6
Buenos Aires,6
Buenos Aires,6
Buenos Aires,6
Buenos Aires,6
Buenos Aires,6
Buenos Aires,6
Buenos Aires,6
Buenos Aires,6
Buenos Aires,6
Buenos Aires,6
Buenos Aires,6
Buenos Aires,6
Buenos Aires,6
Buenos Aires,6
Buenos Aires,6
Buenos Aires,6
Buenos Aires,6
Buenos Aires,6
Buenos Aires,6
Buenos Aires,6
Buenos Aires,6
Buenos Aires,6
Buenos Aires,6
Buenos Aires,6
Buenos Aires,6
Buenos Aires,6
Buenos Aires,6
Buenos Aires,6
Buenos Aires,6
Buenos Aires,6
Buenos Aires,6
Buenos Aires,6
Buenos Aires,6
Buenos Aires,6
Buenos Aires,6
Buenos Aires,6
Buenos Aires,6
Buenos Aires,6
Buenos Aires,6
Santa Cruz,78
Santa Cruz,78
Santa Cruz,78
Santa Cruz,78
Santa Cruz,78
Santa Cruz,78
Santa Cruz,78
Santa Cruz,78
Santa Cruz,78
Chubut,26
Chubut,26
Chubut,26
Chubut,26
Chubut,26
Chubut,26
Chubut,26
Chubut,26
Chubut,26
Río Negro,62
Chubut,26
Chubut,26
Chubut,26
Chubut,26
Chubut,26
Chubut,26
Chubut,26
Chubut,26
Chubut,26
Chubut,26
Buenos Aires,6
Buenos Aires,6
Buenos Aires,6
Buenos Aires,6
Buenos Aires,6
Buenos Aires,6
Buenos Aires,6
Río Negro,62
Río Negro,62
Río Negro,62
Río Negro,62
Río Negro,62
Río Negro,62
Río Negro,62
Río Negro,62
Río Negro,62
Río Negro,62
Río Negro,62
Río Negro,62
Río Negro,62
Río Negro,62
Río Negro,62
Río Negro,62
Río Negro,62
Río Negro,62
Río Negro,62
Río Negro,62
Río Negro,62
Río Negro,62
Río Negro,62
Río Negro,62
Río Negro,62
Río Negro,62
Río Negro,62
Río Negro,62
Río Negro,62
Río Negro,62
Río Negro,62
Río Negro,62
Río Negro,62
Río Negro,62
Río Negro,62
Buenos Aires,6
Buenos Aires,6
Buenos Aires,6
Buenos Aires,6
Buenos Aires,6
Tierra del Fuego,94
Tierra del Fuego,94
Tierra del Fuego,94
Tierra del Fuego,94
Tierra del Fuego,94
Tierra del Fuego,94
Tierra del Fuego,94
Tierra del Fuego,94
Tierra del Fuego,94
Tierra del Fuego,94
Tierra del Fuego,94
Tierra del Fuego,94
Buenos Aires,6
Santa Cruz,78
Santa Cruz,78
Santa Cruz,78
Santa Cruz,78
Santa Cruz,78
Santa Cruz,78
Santa Cruz,78
Santa Cruz,78
Santa Cruz,78
Chubut,26
Chubut,26
Chubut,26
Chubut,26
Chubut,26
Chubut,26
Chubut,26
Buenos Aires,6
Buenos Aires,6
Buenos Aires,6
Buenos Aires,6
Buenos Aires,6
Buenos Aires,6
Buenos Aires,6
Buenos Aires,6
Buenos Aires,6
Buenos Aires,6
Buenos Aires,6
Buenos Aires,6
Buenos Aires,6
Buenos Aires,6
Buenos Aires,6
Buenos Aires,6
Buenos Aires,6
Buenos Aires,6
Buenos Aires,6
Buenos Aires,6
Buenos Aires,6
Buenos Aires,6
Buenos Aires,6
Buenos Aires,6
Buenos Aires,6
Buenos Aires,6
Buenos Aires,6
Buenos Aires,6
Buenos Aires,6
Buenos Aires,6
Buenos Aires,6
Buenos Aires,6
Buenos Aires,6
Buenos Aires,6
Buenos Aires,6
Buenos Aires,6
Buenos Aires,6
Buenos Aires,6
Buenos Aires,6
Buenos Aires,6
Buenos Aires,6
Buenos Aires,6
Buenos Aires,6
Buenos Aires,6
Buenos Aires,6
Buenos Aires,6
Buenos Aires,6
Buenos Aires,6
Buenos Aires,6
Buenos Aires,6
Buenos Aires,6
Buenos Aires,6
Buenos Aires,6
Buenos Aires,6
Buenos Aires,6
Buenos Aires,6
Buenos Aires,6
Buenos Aires,6
Buenos Aires,6
Buenos Aires,6
Buenos Aires,6
Buenos Aires,6
Buenos Aires,6
Buenos Aires,6
Buenos Aires,6
Buenos Aires,6
Buenos Aires,6
Buenos Aires,6
Buenos Aires,6
Buenos Aires,6
Buenos Aires,6
Buenos Aires,6
Buenos Aires,6
Buenos Aires,6
Buenos Aires,6
Buenos Aires,6
Buenos Aires,6
Buenos Aires,6
Buenos Aires,6
Buenos Aires,6
Buenos Aires,6
Buenos Aires,6
Buenos Aires,6
Buenos Aires,6
Buenos Aires,6
Buenos Aires,6
Buenos Aires,6
Buenos Aires,6
Buenos Aires,6
Buenos Aires,6
Buenos Aires,6
Buenos Aires,6
Buenos Aires,6
Buenos Aires,6
Buenos Aires,6
Buenos Aires,6
Buenos Aires,6
Buenos Aires,6
Buenos Aires,6
Buenos Aires,6
Buenos Aires,6
Buenos Aires,6
Buenos Aires,6
Buenos Aires,6
Buenos Aires,6
Buenos Aires,6
Buenos Aires,6
Buenos Aires,6
Buenos Aires,6
Buenos Aires,6
Buenos Aires,6
Buenos Aires,6
Buenos Aires,6
Buenos Aires,6
Buenos Aires,6
Buenos Aires,6
Buenos Aires,6
Buenos Aires,6
Buenos Aires,6
Buenos Aires,6
Buenos Aires,6
Buenos Aires,6
Buenos Aires,6
Buenos Aires,6
Buenos Aires,6
Buenos Aires,6
Buenos Aires,6
Buenos Aires,6
Buenos Aires,6
Buenos Aires,6
Buenos Aires,6
Buenos Aires,6
Buenos Aires,6
Buenos Aires,6
Buenos Aires,6
Buenos Aires,6
Buenos Aires,6
Buenos Aires,6
Buenos Aires,6
Buenos Aires,6
Buenos Aires,6
Buenos Aires,6
Buenos Aires,6
Buenos Aires,6
Buenos Aires,6
Buenos Aires,6
Buenos Aires,6
Buenos Aires,6
Buenos Aires,6
Buenos Aires,6
Buenos Aires,6
Buenos Aires,6
Buenos Aires,6
Buenos Aires,6
Buenos Aires,6
Buenos Aires,6
Buenos Aires,6
Buenos Aires,6
Buenos Aires,6
Buenos Aires,6
Buenos Aires,6
Buenos Aires,6
Buenos Aires,6
Buenos Aires,6
Buenos Aires,6
Buenos Aires,6
Buenos Aires,6
Buenos Aires,6
Buenos Aires,6
Buenos Aires,6
Buenos Aires,6
Buenos Aires,6
Buenos Aires,6
Buenos Aires,6
Buenos Aires,6
Buenos Aires,6
Buenos Aires,6
Buenos Aires,6
Buenos Aires,6
Buenos Aires,6
Buenos Aires,6
Buenos Aires,6
Buenos Aires,6
Buenos Aires,6
Buenos Aires,6
Buenos Aires,6
Buenos Aires,6
Buenos Aires,6
Buenos Aires,6
Buenos Aires,6
Buenos Aires,6
Buenos Aires,6
Buenos Aires,6
Buenos Aires,6
Buenos Aires,6
Buenos Aires,6
Buenos Aires,6
Buenos Aires,6
Buenos Aires,6
Buenos Aires,6
Buenos Aires,6
Santa Cruz,78
Santa Cruz,78
Santa Cruz,78
Santa Cruz,78
Santa Cruz,78
Santa Cruz,78
Santa Cruz,78
Santa Cruz,78
Santa Cruz,78
Chubut,26
Chubut,26
Chubut,26
Chubut,26
Chubut,26
Chubut,26
Chubut,26
Chubut,26
Chubut,26
Chubut,26
Chubut,26
Chubut,26
Chubut,26
Chubut,26
Chubut,26
Chubut,26
Chubut,26
Chubut,26
Chubut,26
Chubut,26
Chubut,26
Chubut,26
Chubut,26
Chubut,26
Chubut,26
Chubut,26
Chubut,26
Buenos Aires,6
Buenos Aires,6
Buenos Aires,6
Buenos Aires,6
Buenos Aires,6
Buenos Aires,6
Buenos Aires,6
Buenos Aires,6
Río Negro,62
Río Negro,62
Río Negro,62
Río Negro,62
Río Negro,62
Río Negro,62
Río Negro,62
Río Negro,62
Río Negro,62
Río Negro,62
Río Negro,62
Río Negro,62
Río Negro,62
Río Negro,62
Río Negro,62
Río Negro,62
Río Negro,62
Río Negro,62
Río Negro,62
Río Negro,62
Río Negro,62
Río Negro,62
Río Negro,62
Río Negro,62
Río Negro,62
Río Negro,62
Río Negro,62
Río Negro,62
Río Negro,62
Río Negro,62
Río Negro,62
Río Negro,62
Río Negro,62
Río Negro,62
Buenos Aires,6
Buenos Aires,6
Buenos Aires,6
Buenos Aires,6
Buenos Aires,6
Tierra del Fuego,94
Tierra del Fuego,94
Tierra del Fuego,94
Tierra del Fuego,94
Tierra del Fuego,94
Tierra del Fuego,94
Tierra del Fuego,94
Tierra del Fuego,94
Tierra del Fuego,94
Tierra del Fuego,94
Tierra del Fuego,94
Tierra del Fuego,94
Tierra del Fuego,94
Chubut,26
Santa Cruz,78
Santa Cruz,78
Santa Cruz,78
Santa Cruz,78
Santa Cruz,78
Santa Cruz,78
Santa Cruz,78
Santa Cruz,78
Santa Cruz,78
Chubut,26
Chubut,26
Chubut,26
Chubut,26
Chubut,26
Chubut,26
Buenos Aires,6
Buenos Aires,6
Buenos Aires,6
Buenos Aires,6
Buenos Aires,6
Buenos Aires,6
Buenos Aires,6
Buenos Aires,6
Buenos Aires,6
Buenos Aires,6
Buenos Aires,6
Buenos Aires,6
Buenos Aires,6
Buenos Aires,6
Buenos Aires,6
Buenos Aires,6
Buenos Aires,6
Buenos Aires,6
Buenos Aires,6
Buenos Aires,6
Buenos Aires,6
Buenos Aires,6
Buenos Aires,6
Buenos Aires,6
Buenos Aires,6
Buenos Aires,6
Buenos Aires,6
Buenos Aires,6
Buenos Aires,6
Buenos Aires,6
Buenos Aires,6
Buenos Aires,6
Buenos Aires,6
Buenos Aires,6
Buenos Aires,6
Buenos Aires,6
Buenos Aires,6
Buenos Aires,6
Buenos Aires,6
Buenos Aires,6
Buenos Aires,6
Buenos Aires,6
Buenos Aires,6
Buenos Aires,6
Buenos Aires,6
Buenos Aires,6
Buenos Aires,6
Buenos Aires,6
Buenos Aires,6
Buenos Aires,6
Buenos Aires,6
Buenos Aires,6
Buenos Aires,6
Buenos Aires,6
Buenos Aires,6
Buenos Aires,6
Buenos Aires,6
Buenos Aires,6
Buenos Aires,6
Buenos Aires,6
Buenos Aires,6
Buenos Aires,6
Buenos Aires,6
Buenos Aires,6
Buenos Aires,6
Buenos Aires,6
Buenos Aires,6
Buenos Aires,6
Buenos Aires,6
Buenos Aires,6
Buenos Aires,6
Buenos Aires,6
Buenos Aires,6
Buenos Aires,6
Buenos Aires,6
Buenos Aires,6
Buenos Aires,6
Buenos Aires,6
Buenos Aires,6
Buenos Aires,6
Buenos Aires,6
Buenos Aires,6
Buenos Aires,6
Buenos Aires,6
Buenos Aires,6
Buenos Aires,6
Buenos Aires,6
Buenos Aires,6
Buenos Aires,6
Buenos Aires,6
Buenos Aires,6
Buenos Aires,6
Buenos Aires,6
Buenos Aires,6
Buenos Aires,6
Buenos Aires,6
Buenos Aires,6
Buenos Aires,6
Buenos Aires,6
Buenos Aires,6
Buenos Aires,6
Buenos Aires,6
Buenos Aires,6
Buenos Aires,6
Buenos Aires,6
Buenos Aires,6
Buenos Aires,6
Buenos Aires,6
Buenos Aires,6
Buenos Aires,6
Buenos Aires,6
Buenos Aires,6
Buenos Aires,6
Buenos Aires,6
Buenos Aires,6
Buenos Aires,6
Buenos Aires,6
Buenos Aires,6
Buenos Aires,6
Buenos Aires,6
Buenos Aires,6
Buenos Aires,6
Buenos Aires,6
Buenos Aires,6
Buenos Aires,6
Buenos Aires,6
Buenos Aires,6
Buenos Aires,6
Buenos Aires,6
Buenos Aires,6
Buenos Aires,6
Buenos Aires,6
Buenos Aires,6
Buenos Aires,6
Buenos Aires,6
Buenos Aires,6
Buenos Aires,6
Buenos Aires,6
Buenos Aires,6
Buenos Aires,6
Buenos Aires,6
Buenos Aires,6
Buenos Aires,6
Buenos Aires,6
Buenos Aires,6
Buenos Aires,6
Buenos Aires,6
Buenos Aires,6
Buenos Aires,6
Buenos Aires,6
Buenos Aires,6
Buenos Aires,6
Buenos Aires,6
Buenos Aires,6
Buenos Aires,6
Buenos Aires,6
Buenos Aires,6
Buenos Aires,6
Buenos Aires,6
Buenos Aires,6
Buenos Aires,6
Buenos Aires,6
Buenos Aires,6
Buenos Aires,6
Buenos Aires,6
Buenos Aires,6
Buenos Aires,6
Buenos Aires,6
Buenos Aires,6
Buenos Aires,6
Buenos Aires,6
Buenos Aires,6
Buenos Aires,6
Buenos Aires,6
Buenos Aires,6
Buenos Aires,6
Buenos Aires,6
Buenos Aires,6
Buenos Aires,6
Buenos Aires,6
Buenos Aires,6
Buenos Aires,6
Buenos Aires,6
Buenos Aires,6
Buenos Aires,6
Buenos Aires,6
Buenos Aires,6
Buenos Aires,6
Buenos Aires,6
Buenos Aires,6
Buenos Aires,6
Buenos Aires,6
Buenos Aires,6
Buenos Aires,6
Buenos Aires,6
Buenos Aires,6
Buenos Aires,6
Buenos Aires,6
Buenos Aires,6
Buenos Aires,6
Buenos Aires,6
Buenos Aires,6
Buenos Aires,6
Buenos Aires,6
Buenos Aires,6
Buenos Aires,6
Buenos Aires,6
Buenos Aires,6
Buenos Aires,6
Buenos Aires,6
Buenos Aires,6
Buenos Aires,6
Buenos Aires,6
Buenos Aires,6
Buenos Aires,6
Buenos Aires,6
Buenos Aires,6
Buenos Aires,6
Santa Cruz,78
Santa Cruz,78
Santa Cruz,78
Santa Cruz,78
Santa Cruz,78
Santa Cruz,78
Santa Cruz,78
Santa Cruz,78
Santa Cruz,78
Santa Cruz,78
Santa Cruz,78
Santa Cruz,78
Santa Cruz,78
Santa Cruz,78
Chubut,26
Chubut,26
Chubut,26
Chubut,26
Chubut,26
Chubut,26
Chubut,26
Chubut,26
Chubut,26
Chubut,26
Chubut,26
Chubut,26
Chubut,26
Chubut,26
Chubut,26
Chubut,26
Chubut,26
Chubut,26
Chubut,26
Chubut,26
Chubut,26
Chubut,26
Chubut,26
Chubut,26
Chubut,26
Chubut,26
Chubut,26
Chubut,26
Chubut,26
Chubut,26
Chubut,26
Chubut,26
Chubut,26
Chubut,26
Buenos Aires,6
Buenos Aires,6
Buenos Aires,6
Río Negro,62
Río Negro,62
Río Negro,62
Río Negro,62
Río Negro,62
Río Negro,62
Río Negro,62
Río Negro,62
Río Negro,62
Río Negro,62
Río Negro,62
Río Negro,62
Río Negro,62
Río Negro,62
Río Negro,62
Río Negro,62
Río Negro,62
Río Negro,62
Río Negro,62
Río Negro,62
Río Negro,62
Río Negro,62
Río Negro,62
Río Negro,62
Río Negro,62
Río Negro,62
Río Negro,62
Río Negro,62
Río Negro,62
Río Negro,62
Río Negro,62
Río Negro,62
Río Negro,62
Río Negro,62
Río Negro,62
Río Negro,62
Río Negro,62
Río Negro,62
Río Negro,62
Río Negro,62
Río Negro,62
Buenos Aires,6
Buenos Aires,6
Buenos Aires,6
Tierra del Fuego,94
Tierra del Fuego,94
Tierra del Fuego,94
Tierra del Fuego,94
Tierra del Fuego,94
Tierra del Fuego,94
Tierra del Fuego,94
Tierra del Fuego,94
Tierra del Fuego,94
Tierra del Fuego,94
Tierra del Fuego,94
Chubut,26
Chubut,26
Chubut,26
Chubut,26
Chubut,26
Santa Cruz,78
Santa Cruz,78
Santa Cruz,78
Santa Cruz,78
Santa Cruz,78
Santa Cruz,78
Santa Cruz,78
Santa Cruz,78
Chubut,26
Chubut,26
Chubut,26
Chubut,26
Chubut,26
Chubut,26
Chubut,26
Chubut,26
Chubut,26
Buenos Aires,6
Buenos Aires,6
Buenos Aires,6
Buenos Aires,6
Buenos Aires,6
Buenos Aires,6
Buenos Aires,6
Buenos Aires,6
Buenos Aires,6
Buenos Aires,6
Buenos Aires,6
Buenos Aires,6
Buenos Aires,6
Buenos Aires,6
Buenos Aires,6
Buenos Aires,6
Buenos Aires,6
Buenos Aires,6
Buenos Aires,6
Buenos Aires,6
Buenos Aires,6
Buenos Aires,6
Buenos Aires,6
Buenos Aires,6
Buenos Aires,6
Buenos Aires,6
Buenos Aires,6
Buenos Aires,6
Buenos Aires,6
Buenos Aires,6
Buenos Aires,6
Buenos Aires,6
Buenos Aires,6
Buenos Aires,6
Buenos Aires,6
Buenos Aires,6
Buenos Aires,6
Buenos Aires,6
Buenos Aires,6
Buenos Aires,6
Buenos Aires,6
Buenos Aires,6
Buenos Aires,6
Buenos Aires,6
Buenos Aires,6
Buenos Aires,6
Buenos Aires,6
Buenos Aires,6
Buenos Aires,6
Buenos Aires,6
Buenos Aires,6
Buenos Aires,6
Buenos Aires,6
Buenos Aires,6
Buenos Aires,6
Buenos Aires,6
Buenos Aires,6
Buenos Aires,6
Buenos Aires,6
Buenos Aires,6
Buenos Aires,6
Buenos Aires,6
Buenos Aires,6
Buenos Aires,6
Buenos Aires,6
Buenos Aires,6
Buenos Aires,6
Buenos Aires,6
Buenos Aires,6
Buenos Aires,6
Buenos Aires,6
Buenos Aires,6
Buenos Aires,6
Buenos Aires,6
Buenos Aires,6
Buenos Aires,6
Buenos Aires,6
Buenos Aires,6
Buenos Aires,6
Buenos Aires,6
Buenos Aires,6
Buenos Aires,6
Buenos Aires,6
Buenos Aires,6
Buenos Aires,6
Buenos Aires,6
Buenos Aires,6
Buenos Aires,6
Buenos Aires,6
Buenos Aires,6
Buenos Aires,6
Buenos Aires,6
Buenos Aires,6
Buenos Aires,6
Buenos Aires,6
Buenos Aires,6
Buenos Aires,6
Buenos Aires,6
Buenos Aires,6
Buenos Aires,6
Buenos Aires,6
Buenos Aires,6
Buenos Aires,6
Buenos Aires,6
Buenos Aires,6
Buenos Aires,6
Buenos Aires,6
Buenos Aires,6
Buenos Aires,6
Buenos Aires,6
Buenos Aires,6
Buenos Aires,6
Buenos Aires,6
Buenos Aires,6
Buenos Aires,6
Buenos Aires,6
Buenos Aires,6
Buenos Aires,6
Buenos Aires,6
Buenos Aires,6
Buenos Aires,6
Buenos Aires,6
Buenos Aires,6
Buenos Aires,6
Buenos Aires,6
Buenos Aires,6
Buenos Aires,6
Buenos Aires,6
Buenos Aires,6
Buenos Aires,6
Buenos Aires,6
Buenos Aires,6
Buenos Aires,6
Buenos Aires,6
Buenos Aires,6
Buenos Aires,6
Buenos Aires,6
Buenos Aires,6
Buenos Aires,6
Buenos Aires,6
Buenos Aires,6
Buenos Aires,6
Buenos Aires,6
Buenos Aires,6
Buenos Aires,6
Buenos Aires,6
Buenos Aires,6
Buenos Aires,6
Buenos Aires,6
Buenos Aires,6
Buenos Aires,6
Buenos Aires,6
Buenos Aires,6
Buenos Aires,6
Buenos Aires,6
Buenos Aires,6
Buenos Aires,6
Buenos Aires,6
Buenos Aires,6
Buenos Aires,6
Buenos Aires,6
Buenos Aires,6
Buenos Aires,6
Buenos Aires,6
Buenos Aires,6
Buenos Aires,6
Buenos Aires,6
Buenos Aires,6
Buenos Aires,6
Buenos Aires,6
Buenos Aires,6
Buenos Aires,6
Buenos Aires,6
Buenos Aires,6
Buenos Aires,6
Buenos Aires,6
Buenos Aires,6
Buenos Aires,6
Buenos Aires,6
Buenos Aires,6
Buenos Aires,6
Buenos Aires,6
Buenos Aires,6
Buenos Aires,6
Buenos Aires,6
Buenos Aires,6
Buenos Aires,6
Buenos Aires,6
Buenos Aires,6
Buenos Aires,6
Buenos Aires,6
Buenos Aires,6
Buenos Aires,6
Buenos Aires,6
Buenos Aires,6
Buenos Aires,6
Buenos Aires,6
Buenos Aires,6
Buenos Aires,6
Buenos Aires,6
Buenos Aires,6
Buenos Aires,6
Buenos Aires,6
Buenos Aires,6
Buenos Aires,6
Buenos Aires,6
Buenos Aires,6
Buenos Aires,6
Buenos Aires,6
Buenos Aires,6
Buenos Aires,6
Buenos Aires,6
Buenos Aires,6
Buenos Aires,6
Buenos Aires,6
Buenos Aires,6
Buenos Aires,6
Buenos Aires,6
Buenos Aires,6
Buenos Aires,6
Buenos Aires,6
Buenos Aires,6
Buenos Aires,6
Buenos Aires,6
Buenos Aires,6
Buenos Aires,6
Buenos Aires,6
Buenos Aires,6
Buenos Aires,6
Buenos Aires,6
Buenos Aires,6
Buenos Aires,6
Buenos Aires,6
Buenos Aires,6
Santa Cruz,78
Santa Cruz,78
Santa Cruz,78
Santa Cruz,78
Santa Cruz,78
Santa Cruz,78
Santa Cruz,78
Santa Cruz,78
Santa Cruz,78
Chubut,26
Chubut,26
Chubut,26
Chubut,26
Chubut,26
Chubut,26
Chubut,26
Chubut,26
Chubut,26
Chubut,26
Chubut,26
Chubut,26
Buenos Aires,6
Buenos Aires,6
Buenos Aires,6
Buenos Aires,6
Buenos Aires,6
Río Negro,62
Río Negro,62
Río Negro,62
Río Negro,62
Río Negro,62
Río Negro,62
Río Negro,62
Río Negro,62
Río Negro,62
Río Negro,62
Río Negro,62
Río Negro,62
Río Negro,62
Río Negro,62
Río Negro,62
Río Negro,62
Río Negro,62
Río Negro,62
Río Negro,62
Río Negro,62
Río Negro,62
Río Negro,62
Río Negro,62
Río Negro,62
Río Negro,62
Río Negro,62
Río Negro,62
Río Negro,62
Río Negro,62
Río Negro,62
Río Negro,62
Río Negro,62
Río Negro,62
Río Negro,62
Río Negro,62
Río Negro,62
Río Negro,62
Río Negro,62
Río Negro,62
Río Negro,62
Río Negro,62
Río Negro,62
Río Negro,62
Río Negro,62
Río Negro,62
Río Negro,62
Río Negro,62
Río Negro,62
Buenos Aires,6
Buenos Aires,6
Buenos Aires,6
Buenos Aires,6
Buenos Aires,6
Buenos Aires,6
Tierra del Fuego,94
Tierra del Fuego,94
Tierra del Fuego,94
Tierra del Fuego,94
Tierra del Fuego,94
Tierra del Fuego,94
Tierra del Fuego,94
Tierra del Fuego,94
Tierra del Fuego,94
Tierra del Fuego,94
Tierra del Fuego,94
Buenos Aires,6
Buenos Aires,6
Chubut,26
Chubut,26
Chubut,26
Chubut,26
Chubut,26
Chubut,26
Santa Cruz,78
Santa Cruz,78
Santa Cruz,78
Santa Cruz,78
Santa Cruz,78
Santa Cruz,78
Santa Cruz,78
Santa Cruz,78
Santa Cruz,78
Chubut,26
Chubut,26
Chubut,26
Chubut,26
Chubut,26
Chubut,26
Chubut,26
Chubut,26
Chubut,26
Chubut,26
Buenos Aires,6
Buenos Aires,6
Buenos Aires,6
Buenos Aires,6
Buenos Aires,6
Buenos Aires,6
Buenos Aires,6
Buenos Aires,6
Buenos Aires,6
Buenos Aires,6
Buenos Aires,6
Buenos Aires,6
Buenos Aires,6
Buenos Aires,6
Buenos Aires,6
Buenos Aires,6
Buenos Aires,6
Buenos Aires,6
Buenos Aires,6
Buenos Aires,6
Buenos Aires,6
Buenos Aires,6
Buenos Aires,6
Buenos Aires,6
Buenos Aires,6
Buenos Aires,6
Buenos Aires,6
Buenos Aires,6
Buenos Aires,6
Buenos Aires,6
Buenos Aires,6
Buenos Aires,6
Buenos Aires,6
Buenos Aires,6
Buenos Aires,6
Buenos Aires,6
Buenos Aires,6
Buenos Aires,6
Buenos Aires,6
Buenos Aires,6
Buenos Aires,6
Buenos Aires,6
Buenos Aires,6
Buenos Aires,6
Buenos Aires,6
Buenos Aires,6
Buenos Aires,6
Buenos Aires,6
Buenos Aires,6
Buenos Aires,6
Buenos Aires,6
Buenos Aires,6
Buenos Aires,6
Buenos Aires,6
Buenos Aires,6
Buenos Aires,6
Buenos Aires,6
Buenos Aires,6
Buenos Aires,6
Buenos Aires,6
Buenos Aires,6
Buenos Aires,6
Buenos Aires,6
Buenos Aires,6
Buenos Aires,6
Buenos Aires,6
Buenos Aires,6
Buenos Aires,6
Buenos Aires,6
Buenos Aires,6
Buenos Aires,6
Buenos Aires,6
Buenos Aires,6
Buenos Aires,6
Buenos Aires,6
Buenos Aires,6
Buenos Aires,6
Buenos Aires,6
Buenos Aires,6
Buenos Aires,6
Buenos Aires,6
Buenos Aires,6
Buenos Aires,6
Buenos Aires,6
Buenos Aires,6
Buenos Aires,6
Buenos Aires,6
Buenos Aires,6
Buenos Aires,6
Buenos Aires,6
Buenos Aires,6
Buenos Aires,6
Buenos Aires,6
Buenos Aires,6
Buenos Aires,6
Buenos Aires,6
Buenos Aires,6
Buenos Aires,6
Buenos Aires,6
Buenos Aires,6
Buenos Aires,6
Buenos Aires,6
Buenos Aires,6
Buenos Aires,6
Buenos Aires,6
Buenos Aires,6
Buenos Aires,6
Buenos Aires,6
Buenos Aires,6
Buenos Aires,6
Buenos Aires,6
Buenos Aires,6
Buenos Aires,6
Buenos Aires,6
Buenos Aires,6
Buenos Aires,6
Buenos Aires,6
Buenos Aires,6
Buenos Aires,6
Buenos Aires,6
Buenos Aires,6
Buenos Aires,6
Buenos Aires,6
Buenos Aires,6
Buenos Aires,6
Buenos Aires,6
Buenos Aires,6
Buenos Aires,6
Buenos Aires,6
Buenos Aires,6
Buenos Aires,6
Buenos Aires,6
Buenos Aires,6
Buenos Aires,6
Buenos Aires,6
Buenos Aires,6
Buenos Aires,6
Buenos Aires,6
Buenos Aires,6
Buenos Aires,6
Buenos Aires,6
Buenos Aires,6
Buenos Aires,6
Buenos Aires,6
Buenos Aires,6
Buenos Aires,6
Buenos Aires,6
Buenos Aires,6
Buenos Aires,6
Buenos Aires,6
Buenos Aires,6
Buenos Aires,6
Buenos Aires,6
Buenos Aires,6
Buenos Aires,6
Buenos Aires,6
Buenos Aires,6
Buenos Aires,6
Buenos Aires,6
Buenos Aires,6
Buenos Aires,6
Buenos Aires,6
Buenos Aires,6
Buenos Aires,6
Buenos Aires,6
Buenos Aires,6
Buenos Aires,6
Buenos Aires,6
Buenos Aires,6
Buenos Aires,6
Buenos Aires,6
Buenos Aires,6
Buenos Aires,6
Buenos Aires,6
Buenos Aires,6
Buenos Aires,6
Buenos Aires,6
Buenos Aires,6
Buenos Aires,6
Buenos Aires,6
Buenos Aires,6
Buenos Aires,6
Buenos Aires,6
Santa Cruz,78
Santa Cruz,78
Santa Cruz,78
Santa Cruz,78
Santa Cruz,78
Santa Cruz,78
Chubut,26
Chubut,26
Chubut,26
Chubut,26
Chubut,26
Chubut,26
Chubut,26
Chubut,26
Chubut,26
Chubut,26
Chubut,26
Chubut,26
Chubut,26
Chubut,26
Chubut,26
Chubut,26
Chubut,26
Chubut,26
Chubut,26
Buenos Aires,6
Buenos Aires,6
Buenos Aires,6
Río Negro,62
Río Negro,62
Río Negro,62
Río Negro,62
Río Negro,62
Río Negro,62
Río Negro,62
Río Negro,62
Río Negro,62
Río Negro,62
Río Negro,62
Río Negro,62
Río Negro,62
Río Negro,62
Río Negro,62
Río Negro,62
Río Negro,62
Río Negro,62
Río Negro,62
Río Negro,62
Río Negro,62
Buenos Aires,6
Buenos Aires,6
Buenos Aires,6
Buenos Aires,6
Buenos Aires,6
Buenos Aires,6
Buenos Aires,6
Buenos Aires,6
Buenos Aires,6
Tierra del Fuego,94
Tierra del Fuego,94
Tierra del Fuego,94
Tierra del Fuego,94
Tierra del Fuego,94
Tierra del Fuego,94
Tierra del Fuego,94
Tierra del Fuego,94
Tierra del Fuego,94
Tierra del Fuego,94
Tierra del Fuego,94
Tierra del Fuego,94
Tierra del Fuego,94
Chubut,26
Santa Cruz,78
Santa Cruz,78
Chubut,26
Chubut,26
Chubut,26
Chubut,26
Chubut,26
Chubut,26
Chubut,26
Chubut,26
Chubut,26
Chubut,26
Chubut,26
Buenos Aires,6
Buenos Aires,6
Buenos Aires,6
Buenos Aires,6
Buenos Aires,6
Buenos Aires,6
Buenos Aires,6
Buenos Aires,6
Buenos Aires,6
Buenos Aires,6
Buenos Aires,6
Buenos Aires,6
Buenos Aires,6
Buenos Aires,6
Buenos Aires,6
Buenos Aires,6
Buenos Aires,6
Buenos Aires,6
Buenos Aires,6
Buenos Aires,6
Buenos Aires,6
Buenos Aires,6
Buenos Aires,6
Buenos Aires,6
Buenos Aires,6
Buenos Aires,6
Buenos Aires,6
Buenos Aires,6
Buenos Aires,6
Buenos Aires,6
Buenos Aires,6
Buenos Aires,6
Buenos Aires,6
Buenos Aires,6
Buenos Aires,6
Buenos Aires,6
Buenos Aires,6
Buenos Aires,6
Buenos Aires,6
Buenos Aires,6
Buenos Aires,6
Buenos Aires,6
Buenos Aires,6
Buenos Aires,6
Buenos Aires,6
Buenos Aires,6
Buenos Aires,6
Buenos Aires,6
Buenos Aires,6
Buenos Aires,6
Buenos Aires,6
Buenos Aires,6
Buenos Aires,6
Buenos Aires,6
Buenos Aires,6
Buenos Aires,6
Buenos Aires,6
Buenos Aires,6
Buenos Aires,6
Buenos Aires,6
Buenos Aires,6
Buenos Aires,6
Buenos Aires,6
Buenos Aires,6
Buenos Aires,6
Buenos Aires,6
Buenos Aires,6
Buenos Aires,6
Buenos Aires,6
Buenos Aires,6
Buenos Aires,6
Buenos Aires,6
Buenos Aires,6
Buenos Aires,6
Buenos Aires,6
Buenos Aires,6
Buenos Aires,6
Buenos Aires,6
Buenos Aires,6
Buenos Aires,6
Buenos Aires,6
Buenos Aires,6
Buenos Aires,6
Buenos Aires,6
Buenos Aires,6
Buenos Aires,6
Buenos Aires,6
Buenos Aires,6
Buenos Aires,6
Buenos Aires,6
Buenos Aires,6
Buenos Aires,6
Buenos Aires,6
Buenos Aires,6
Buenos Aires,6
Buenos Aires,6
Buenos Aires,6
Buenos Aires,6
Buenos Aires,6
Buenos Aires,6
Buenos Aires,6
Buenos Aires,6
Buenos Aires,6
Buenos Aires,6
Buenos Aires,6
Buenos Aires,6
Buenos Aires,6
Buenos Aires,6
Buenos Aires,6
Buenos Aires,6
Buenos Aires,6
Buenos Aires,6
Buenos Aires,6
Buenos Aires,6
Buenos Aires,6
Buenos Aires,6
Buenos Aires,6
Buenos Aires,6
Buenos Aires,6
Buenos Aires,6
Buenos Aires,6
Buenos Aires,6
Buenos Aires,6
Buenos Aires,6
Buenos Aires,6
Buenos Aires,6
Buenos Aires,6
Buenos Aires,6
Buenos Aires,6
Buenos Aires,6
Buenos Aires,6
Buenos Aires,6
Buenos Aires,6
Buenos Aires,6
Buenos Aires,6
Buenos Aires,6
Buenos Aires,6
Buenos Aires,6
Buenos Aires,6
Buenos Aires,6
Buenos Aires,6
Buenos Aires,6
Buenos Aires,6
Buenos Aires,6
Buenos Aires,6
Buenos Aires,6
Buenos Aires,6
Buenos Aires,6
Buenos Aires,6
Buenos Aires,6
Buenos Aires,6
Buenos Aires,6
Buenos Aires,6
Buenos Aires,6
Buenos Aires,6
Buenos Aires,6
Buenos Aires,6
Buenos Aires,6
Buenos Aires,6
Buenos Aires,6
Buenos Aires,6
Buenos Aires,6
Buenos Aires,6
Buenos Aires,6
Buenos Aires,6
Buenos Aires,6
Buenos Aires,6
Buenos Aires,6
Buenos Aires,6
Buenos Aires,6
Buenos Aires,6
Buenos Aires,6
Buenos Aires,6
Buenos Aires,6
Buenos Aires,6
Buenos Aires,6
Buenos Aires,6
Buenos Aires,6
Buenos Aires,6
Buenos Aires,6
Buenos Aires,6
Buenos Aires,6
Buenos Aires,6
Buenos Aires,6
Buenos Aires,6
Buenos Aires,6
Buenos Aires,6
Santa Cruz,78
Santa Cruz,78
Santa Cruz,78
Chubut,26
Chubut,26
Chubut,26
Chubut,26
Chubut,26
Chubut,26
Chubut,26
Chubut,26
Chubut,26
Chubut,26
Chubut,26
Chubut,26
Chubut,26
Buenos Aires,6
Buenos Aires,6
Buenos Aires,6
Buenos Aires,6
Buenos Aires,6
Buenos Aires,6
Buenos Aires,6
Buenos Aires,6
Buenos Aires,6
Buenos Aires,6
Buenos Aires,6
Buenos Aires,6
Río Negro,62
Río Negro,62
Río Negro,62
Río Negro,62
Río Negro,62
Río Negro,62
Río Negro,62
Río Negro,62
Río Negro,62
Río Negro,62
Río Negro,62
Río Negro,62
Buenos Aires,6
Buenos Aires,6
Buenos Aires,6
Buenos Aires,6
Buenos Aires,6
Buenos Aires,6
Buenos Aires,6
Buenos Aires,6
Buenos Aires,6
Buenos Aires,6
Buenos Aires,6
Buenos Aires,6
Buenos Aires,6
Buenos Aires,6
Tierra del Fuego,94
Tierra del Fuego,94
Tierra del Fuego,94
Tierra del Fuego,94
Tierra del Fuego,94
Tierra del Fuego,94
Tierra del Fuego,94
Tierra del Fuego,94
Tierra del Fuego,94
Buenos Aires,6
Santa Cruz,78
Santa Cruz,78
Santa Cruz,78
Santa Cruz,78
Chubut,26
Chubut,26
Chubut,26
Chubut,26
Chubut,26
Chubut,26
Chubut,26
Chubut,26
Buenos Aires,6
Buenos Aires,6
Buenos Aires,6
Buenos Aires,6
Buenos Aires,6
Buenos Aires,6
Buenos Aires,6
Buenos Aires,6
Buenos Aires,6
Buenos Aires,6
Buenos Aires,6
Buenos Aires,6
Buenos Aires,6
Buenos Aires,6
Buenos Aires,6
Buenos Aires,6
Buenos Aires,6
Buenos Aires,6
Buenos Aires,6
Buenos Aires,6
Buenos Aires,6
Buenos Aires,6
Buenos Aires,6
Buenos Aires,6
Buenos Aires,6
Buenos Aires,6
Buenos Aires,6
Buenos Aires,6
Buenos Aires,6
Buenos Aires,6
Buenos Aires,6
Buenos Aires,6
Buenos Aires,6
Buenos Aires,6
Buenos Aires,6
Buenos Aires,6
Buenos Aires,6
Buenos Aires,6
Buenos Aires,6
Buenos Aires,6
Buenos Aires,6
Buenos Aires,6
Buenos Aires,6
Buenos Aires,6
Buenos Aires,6
Buenos Aires,6
Buenos Aires,6
Buenos Aires,6
Buenos Aires,6
Buenos Aires,6
Buenos Aires,6
Buenos Aires,6
Buenos Aires,6
Buenos Aires,6
Buenos Aires,6
Buenos Aires,6
Buenos Aires,6
Buenos Aires,6
Buenos Aires,6
Buenos Aires,6
Buenos Aires,6
Buenos Aires,6
Buenos Aires,6
Buenos Aires,6
Buenos Aires,6
Buenos Aires,6
Buenos Aires,6
Buenos Aires,6
Buenos Aires,6
Buenos Aires,6
Buenos Aires,6
Buenos Aires,6
Buenos Aires,6
Buenos Aires,6
Buenos Aires,6
Buenos Aires,6
Buenos Aires,6
Buenos Aires,6
Buenos Aires,6
Buenos Aires,6
Buenos Aires,6
Buenos Aires,6
Buenos Aires,6
Buenos Aires,6
Buenos Aires,6
Buenos Aires,6
Buenos Aires,6
Buenos Aires,6
Buenos Aires,6
Buenos Aires,6
Buenos Aires,6
Buenos Aires,6
Buenos Aires,6
Buenos Aires,6
Buenos Aires,6
Buenos Aires,6
Buenos Aires,6
Buenos Aires,6
Buenos Aires,6
Buenos Aires,6
Buenos Aires,6
Buenos Aires,6
Buenos Aires,6
Buenos Aires,6
Buenos Aires,6
Buenos Aires,6
Buenos Aires,6
Buenos Aires,6
Buenos Aires,6
Buenos Aires,6
Buenos Aires,6
Buenos Aires,6
Buenos Aires,6
Buenos Aires,6
Buenos Aires,6
Buenos Aires,6
Buenos Aires,6
Buenos Aires,6
Buenos Aires,6
Buenos Aires,6
Buenos Aires,6
Buenos Aires,6
Buenos Aires,6
Buenos Aires,6
Buenos Aires,6
Buenos Aires,6
Buenos Aires,6
Buenos Aires,6
Buenos Aires,6
Buenos Aires,6
Buenos Aires,6
Buenos Aires,6
Buenos Aires,6
Buenos Aires,6
Buenos Aires,6
Buenos Aires,6
Buenos Aires,6
Buenos Aires,6
Buenos Aires,6
Buenos Aires,6
Buenos Aires,6
Buenos Aires,6
Buenos Aires,6
Buenos Aires,6
Buenos Aires,6
Buenos Aires,6
Buenos Aires,6
Buenos Aires,6
Buenos Aires,6
Buenos Aires,6
Buenos Aires,6
Buenos Aires,6
Buenos Aires,6
Buenos Aires,6
Buenos Aires,6
Buenos Aires,6
Buenos Aires,6
Buenos Aires,6
Buenos Aires,6
Buenos Aires,6
Buenos Aires,6
Buenos Aires,6
Buenos Aires,6
Buenos Aires,6
Buenos Aires,6
Buenos Aires,6
Buenos Aires,6
Buenos Aires,6
Buenos Aires,6
Buenos Aires,6
Buenos Aires,6
Buenos Aires,6
Buenos Aires,6
Buenos Aires,6
Buenos Aires,6
Buenos Aires,6
Buenos Aires,6
Buenos Aires,6
Buenos Aires,6
Buenos Aires,6
Buenos Aires,6
Buenos Aires,6
Buenos Aires,6
Buenos Aires,6
Buenos Aires,6
Buenos Aires,6
Buenos Aires,6
Buenos Aires,6
Buenos Aires,6
Buenos Aires,6
Buenos Aires,6
Buenos Aires,6
Buenos Aires,6
Buenos Aires,6
Buenos Aires,6
Buenos Aires,6
Buenos Aires,6
Buenos Aires,6
Buenos Aires,6
Buenos Aires,6
Buenos Aires,6
Buenos Aires,6
Buenos Aires,6
Buenos Aires,6
Buenos Aires,6
Buenos Aires,6
Buenos Aires,6
Buenos Aires,6
Buenos Aires,6
Buenos Aires,6
Buenos Aires,6
Buenos Aires,6
Buenos Aires,6
Buenos Aires,6
Santa Cruz,78
Santa Cruz,78
Santa Cruz,78
Santa Cruz,78
Santa Cruz,78
Chubut,26
Chubut,26
Chubut,26
Chubut,26
Chubut,26
Chubut,26
Chubut,26
Chubut,26
Chubut,26
Chubut,26
Chubut,26
Chubut,26
Chubut,26
Chubut,26
Buenos Aires,6
Buenos Aires,6
Buenos Aires,6
Buenos Aires,6
Buenos Aires,6
Buenos Aires,6
Buenos Aires,6
Buenos Aires,6
Buenos Aires,6
Buenos Aires,6
Buenos Aires,6
Buenos Aires,6
Buenos Aires,6
Buenos Aires,6
Buenos Aires,6
Buenos Aires,6
Río Negro,62
Río Negro,62
Río Negro,62
Río Negro,62
Río Negro,62
Río Negro,62
Río Negro,62
Río Negro,62
Río Negro,62
Río Negro,62
Río Negro,62
Río Negro,62
Río Negro,62
Río Negro,62
Río Negro,62
Río Negro,62
Río Negro,62
Río Negro,62
Buenos Aires,6
Buenos Aires,6
Buenos Aires,6
Buenos Aires,6
Buenos Aires,6
Buenos Aires,6
Buenos Aires,6
Buenos Aires,6
Buenos Aires,6
Buenos Aires,6
Tierra del Fuego,94
Tierra del Fuego,94
Tierra del Fuego,94
Tierra del Fuego,94
Tierra del Fuego,94
Tierra del Fuego,94
Tierra del Fuego,94
Tierra del Fuego,94
Tierra del Fuego,94
Buenos Aires,6
Santa Cruz,78
Santa Cruz,78
Santa Cruz,78
Santa Cruz,78
Chubut,26
Chubut,26
Chubut,26
Chubut,26
Chubut,26
Chubut,26
Chubut,26
Chubut,26
Chubut,26
Buenos Aires,6
Buenos Aires,6
Buenos Aires,6
Buenos Aires,6
Buenos Aires,6
Buenos Aires,6
Buenos Aires,6
Buenos Aires,6
Buenos Aires,6
Buenos Aires,6
Buenos Aires,6
Buenos Aires,6
Buenos Aires,6
Buenos Aires,6
Buenos Aires,6
Buenos Aires,6
Buenos Aires,6
Buenos Aires,6
Buenos Aires,6
Buenos Aires,6
Buenos Aires,6
Buenos Aires,6
Buenos Aires,6
Buenos Aires,6
Buenos Aires,6
Buenos Aires,6
Buenos Aires,6
Buenos Aires,6
Buenos Aires,6
Buenos Aires,6
Buenos Aires,6
Buenos Aires,6
Buenos Aires,6
Buenos Aires,6
Buenos Aires,6
Buenos Aires,6
Buenos Aires,6
Buenos Aires,6
Buenos Aires,6
Buenos Aires,6
Buenos Aires,6
Buenos Aires,6
Buenos Aires,6
Buenos Aires,6
Buenos Aires,6
Buenos Aires,6
Buenos Aires,6
Buenos Aires,6
Buenos Aires,6
Buenos Aires,6
Buenos Aires,6
Buenos Aires,6
Buenos Aires,6
Buenos Aires,6
Buenos Aires,6
Buenos Aires,6
Buenos Aires,6
Buenos Aires,6
Buenos Aires,6
Buenos Aires,6
Buenos Aires,6
Buenos Aires,6
Buenos Aires,6
Buenos Aires,6
Buenos Aires,6
Buenos Aires,6
Buenos Aires,6
Buenos Aires,6
Buenos Aires,6
Buenos Aires,6
Buenos Aires,6
Buenos Aires,6
Buenos Aires,6
Buenos Aires,6
Buenos Aires,6
Buenos Aires,6
Buenos Aires,6
Buenos Aires,6
Buenos Aires,6
Buenos Aires,6
Buenos Aires,6
Buenos Aires,6
Buenos Aires,6
Buenos Aires,6
Buenos Aires,6
Buenos Aires,6
Buenos Aires,6
Buenos Aires,6
Buenos Aires,6
Buenos Aires,6
Buenos Aires,6
Buenos Aires,6
Buenos Aires,6
Buenos Aires,6
Buenos Aires,6
Buenos Aires,6
Buenos Aires,6
Buenos Aires,6
Buenos Aires,6
Buenos Aires,6
Buenos Aires,6
Buenos Aires,6
Buenos Aires,6
Buenos Aires,6
Buenos Aires,6
Buenos Aires,6
Buenos Aires,6
Buenos Aires,6
Buenos Aires,6
Buenos Aires,6
Buenos Aires,6
Buenos Aires,6
Buenos Aires,6
Buenos Aires,6
Buenos Aires,6
Buenos Aires,6
Buenos Aires,6
Buenos Aires,6
Buenos Aires,6
Buenos Aires,6
Buenos Aires,6
Buenos Aires,6
Buenos Aires,6
Buenos Aires,6
Buenos Aires,6
Buenos Aires,6
Buenos Aires,6
Buenos Aires,6
Buenos Aires,6
Buenos Aires,6
Buenos Aires,6
Buenos Aires,6
Buenos Aires,6
Buenos Aires,6
Buenos Aires,6
Buenos Aires,6
Buenos Aires,6
Buenos Aires,6
Buenos Aires,6
Buenos Aires,6
Buenos Aires,6
Buenos Aires,6
Buenos Aires,6
Buenos Aires,6
Buenos Aires,6
Buenos Aires,6
Buenos Aires,6
Buenos Aires,6
Buenos Aires,6
Buenos Aires,6
Buenos Aires,6
Buenos Aires,6
Buenos Aires,6
Buenos Aires,6
Buenos Aires,6
Buenos Aires,6
Buenos Aires,6
Buenos Aires,6
Buenos Aires,6
Buenos Aires,6
Buenos Aires,6
Buenos Aires,6
Buenos Aires,6
Buenos Aires,6
Buenos Aires,6
Buenos Aires,6
Buenos Aires,6
Santa Cruz,78
Santa Cruz,78
Santa Cruz,78
Chubut,26
Chubut,26
Chubut,26
Chubut,26
Chubut,26
Chubut,26
Chubut,26
Chubut,26
Chubut,26
Chubut,26
Chubut,26
Chubut,26
Chubut,26
Chubut,26
Chubut,26
Chubut,26
Chubut,26
Buenos Aires,6
Buenos Aires,6
Buenos Aires,6
Buenos Aires,6
Buenos Aires,6
Buenos Aires,6
Buenos Aires,6
Buenos Aires,6
Buenos Aires,6
Buenos Aires,6
Buenos Aires,6
Buenos Aires,6
Buenos Aires,6
Buenos Aires,6
Buenos Aires,6
Buenos Aires,6
Río Negro,62
Río Negro,62
Río Negro,62
Río Negro,62
Río Negro,62
Río Negro,62
Río Negro,62
Río Negro,62
Río Negro,62
Río Negro,62
Río Negro,62
Río Negro,62
Río Negro,62
Río Negro,62
Río Negro,62
Río Negro,62
Río Negro,62
Río Negro,62
Río Negro,62
Río Negro,62
Río Negro,62
Río Negro,62
Río Negro,62
Río Negro,62
Río Negro,62
Buenos Aires,6
Buenos Aires,6
Buenos Aires,6
Buenos Aires,6
Buenos Aires,6
Buenos Aires,6
Buenos Aires,6
Buenos Aires,6
Buenos Aires,6
Tierra del Fuego,94
Buenos Aires,6
Buenos Aires,6
Buenos Aires,6
Buenos Aires,6
Santa Cruz,78
Santa Cruz,78
Santa Cruz,78
Santa Cruz,78
Santa Cruz,78
Santa Cruz,78
Santa Cruz,78
Santa Cruz,78
Santa Cruz,78
Santa Cruz,78
Santa Cruz,78
Chubut,26
Chubut,26
Chubut,26
Chubut,26
Chubut,26
Chubut,26
Chubut,26
Chubut,26
Buenos Aires,6
Buenos Aires,6
Buenos Aires,6
Buenos Aires,6
Buenos Aires,6
Buenos Aires,6
Buenos Aires,6
Buenos Aires,6
Buenos Aires,6
Buenos Aires,6
Buenos Aires,6
Buenos Aires,6
Buenos Aires,6
Buenos Aires,6
Buenos Aires,6
Buenos Aires,6
Buenos Aires,6
Buenos Aires,6
Buenos Aires,6
Buenos Aires,6
Buenos Aires,6
Buenos Aires,6
Buenos Aires,6
Buenos Aires,6
Buenos Aires,6
Buenos Aires,6
Buenos Aires,6
Buenos Aires,6
Buenos Aires,6
Buenos Aires,6
Buenos Aires,6
Buenos Aires,6
Buenos Aires,6
Buenos Aires,6
Buenos Aires,6
Buenos Aires,6
Buenos Aires,6
Buenos Aires,6
Buenos Aires,6
Buenos Aires,6
Buenos Aires,6
Buenos Aires,6
Buenos Aires,6
Buenos Aires,6
Buenos Aires,6
Buenos Aires,6
Buenos Aires,6
Buenos Aires,6
Buenos Aires,6
Buenos Aires,6
Buenos Aires,6
Buenos Aires,6
Buenos Aires,6
Buenos Aires,6
Buenos Aires,6
Buenos Aires,6
Buenos Aires,6
Buenos Aires,6
Buenos Aires,6
Buenos Aires,6
Buenos Aires,6
Buenos Aires,6
Buenos Aires,6
Buenos Aires,6
Buenos Aires,6
Buenos Aires,6
Buenos Aires,6
Buenos Aires,6
Buenos Aires,6
Buenos Aires,6
Buenos Aires,6
Buenos Aires,6
Buenos Aires,6
Buenos Aires,6
Buenos Aires,6
Buenos Aires,6
Buenos Aires,6
Buenos Aires,6
Buenos Aires,6
Buenos Aires,6
Buenos Aires,6
Buenos Aires,6
Buenos Aires,6
Buenos Aires,6
Buenos Aires,6
Buenos Aires,6
Buenos Aires,6
Buenos Aires,6
Buenos Aires,6
Buenos Aires,6
Buenos Aires,6
Buenos Aires,6
Buenos Aires,6
Buenos Aires,6
Buenos Aires,6
Buenos Aires,6
Buenos Aires,6
Buenos Aires,6
Buenos Aires,6
Buenos Aires,6
Buenos Aires,6
Buenos Aires,6
Buenos Aires,6
Buenos Aires,6
Buenos Aires,6
Buenos Aires,6
Buenos Aires,6
Buenos Aires,6
Buenos Aires,6
Buenos Aires,6
Buenos Aires,6
Buenos Aires,6
Buenos Aires,6
Buenos Aires,6
Buenos Aires,6
Buenos Aires,6
Buenos Aires,6
Buenos Aires,6
Buenos Aires,6
Buenos Aires,6
Buenos Aires,6
Buenos Aires,6
Buenos Aires,6
Buenos Aires,6
Buenos Aires,6
Buenos Aires,6
Buenos Aires,6
Buenos Aires,6
Buenos Aires,6
Buenos Aires,6
Buenos Aires,6
Buenos Aires,6
Buenos Aires,6
Buenos Aires,6
Buenos Aires,6
Buenos Aires,6
Buenos Aires,6
Buenos Aires,6
Buenos Aires,6
Buenos Aires,6
Buenos Aires,6
Buenos Aires,6
Buenos Aires,6
Buenos Aires,6
Buenos Aires,6
Buenos Aires,6
Buenos Aires,6
Buenos Aires,6
Buenos Aires,6
Buenos Aires,6
Buenos Aires,6
Buenos Aires,6
Buenos Aires,6
Buenos Aires,6
Buenos Aires,6
Buenos Aires,6
Buenos Aires,6
Buenos Aires,6
Buenos Aires,6
Buenos Aires,6
Buenos Aires,6
Buenos Aires,6
Buenos Aires,6
Buenos Aires,6
Buenos Aires,6
Buenos Aires,6
Buenos Aires,6
Buenos Aires,6
Buenos Aires,6
Buenos Aires,6
Buenos Aires,6
Buenos Aires,6
Buenos Aires,6
Buenos Aires,6
Buenos Aires,6
Buenos Aires,6
Buenos Aires,6
Buenos Aires,6
Buenos Aires,6
Buenos Aires,6
Buenos Aires,6
Buenos Aires,6
Buenos Aires,6
Buenos Aires,6
Buenos Aires,6
Buenos Aires,6
Buenos Aires,6
Buenos Aires,6
Buenos Aires,6
Buenos Aires,6
Buenos Aires,6
Buenos Aires,6
Buenos Aires,6
Buenos Aires,6
Buenos Aires,6
Buenos Aires,6
Buenos Aires,6
Buenos Aires,6
Buenos Aires,6
Buenos Aires,6
Buenos Aires,6
Buenos Aires,6
Buenos Aires,6
Buenos Aires,6
Buenos Aires,6
Buenos Aires,6
Buenos Aires,6
Buenos Aires,6
Buenos Aires,6
Buenos Aires,6
Santa Cruz,78
Santa Cruz,78
Santa Cruz,78
Santa Cruz,78
Santa Cruz,78
Santa Cruz,78
Chubut,26
Chubut,26
Chubut,26
Chubut,26
Chubut,26
Chubut,26
Chubut,26
Chubut,26
Chubut,26
Chubut,26
Chubut,26
Chubut,26
Chubut,26
Chubut,26
Chubut,26
Chubut,26
Chubut,26
Buenos Aires,6
Buenos Aires,6
Buenos Aires,6
Buenos Aires,6
Buenos Aires,6
Buenos Aires,6
Buenos Aires,6
Buenos Aires,6
Buenos Aires,6
Buenos Aires,6
Buenos Aires,6
Buenos Aires,6
Buenos Aires,6
Buenos Aires,6
Río Negro,62
Río Negro,62
Río Negro,62
Río Negro,62
Río Negro,62
Río Negro,62
Río Negro,62
Río Negro,62
Río Negro,62
Río Negro,62
Río Negro,62
Río Negro,62
Río Negro,62
Río Negro,62
Río Negro,62
Río Negro,62
Río Negro,62
Río Negro,62
Río Negro,62
Río Negro,62
Río Negro,62
Río Negro,62
Río Negro,62
Río Negro,62
Río Negro,62
Río Negro,62
Río Negro,62
Río Negro,62
Río Negro,62
Río Negro,62
Río Negro,62
Río Negro,62
Río Negro,62
Buenos Aires,6
Buenos Aires,6
Buenos Aires,6
Buenos Aires,6
Buenos Aires,6
Buenos Aires,6
Buenos Aires,6
Buenos Aires,6
Buenos Aires,6
Tierra del Fuego,94
Tierra del Fuego,94
Tierra del Fuego,94
Tierra del Fuego,94
Tierra del Fuego,94
Tierra del Fuego,94
Tierra del Fuego,94
Tierra del Fuego,94
Santa Cruz,78
Santa Cruz,78
Santa Cruz,78
Buenos Aires,6
Buenos Aires,6
Buenos Aires,6
Buenos Aires,6
Buenos Aires,6
Buenos Aires,6
Buenos Aires,6
Buenos Aires,6
Buenos Aires,6
Buenos Aires,6
Buenos Aires,6
Buenos Aires,6
Buenos Aires,6
Buenos Aires,6
Buenos Aires,6
Buenos Aires,6
Buenos Aires,6
Buenos Aires,6
Buenos Aires,6
Buenos Aires,6
Buenos Aires,6
Buenos Aires,6
Buenos Aires,6
Buenos Aires,6
Buenos Aires,6
Buenos Aires,6
Buenos Aires,6
Buenos Aires,6
Buenos Aires,6
Buenos Aires,6
Buenos Aires,6
Buenos Aires,6
Buenos Aires,6
Buenos Aires,6
Buenos Aires,6
Buenos Aires,6
Buenos Aires,6
Buenos Aires,6
Buenos Aires,6
Buenos Aires,6
Buenos Aires,6
Buenos Aires,6
Buenos Aires,6
Buenos Aires,6
Buenos Aires,6
Buenos Aires,6
Buenos Aires,6
Buenos Aires,6
Buenos Aires,6
Buenos Aires,6
Buenos Aires,6
Buenos Aires,6
Buenos Aires,6
Buenos Aires,6
Buenos Aires,6
Buenos Aires,6
Buenos Aires,6
Buenos Aires,6
Buenos Aires,6
Buenos Aires,6
Buenos Aires,6
Buenos Aires,6
Buenos Aires,6
Buenos Aires,6
Buenos Aires,6
Buenos Aires,6
Buenos Aires,6
Buenos Aires,6
Buenos Aires,6
Buenos Aires,6
Buenos Aires,6
Buenos Aires,6
Buenos Aires,6
Buenos Aires,6
Buenos Aires,6
Buenos Aires,6
Santa Cruz,78
Santa Cruz,78
Santa Cruz,78
Santa Cruz,78
Chubut,26
Chubut,26
Chubut,26
Tierra del Fuego,94
Tierra del Fuego,94
Tierra del Fuego,94
Tierra del Fuego,94
Tierra del Fuego,94
Tierra del Fuego,94
Tierra del Fuego,94
Tierra del Fuego,94